{"x":0.04908344027216443,"y":0.532896790230418}